admin1,cultivar,maturity_type,season_length
Amajyaruguru,KY0013,Long,118.0
Amajyaruguru,KY0002,Medium,108.0
Amajyaruguru,KY0015,Short,92.0
Amajyaruguru,KY0012,Very Long,130.0
Amajyaruguru,KY0017,Very short,78.0
Amajyepfo,KY0013,Long,118.0
Amajyepfo,KY0002,Medium,108.0
Amajyepfo,KY0015,Short,92.0
Amajyepfo,KY0012,Very Long,130.0
Amajyepfo,KY0017,Very short,78.0
Iburasirazuba,KY0013,Long,118.0
Iburasirazuba,KY0002,Medium,108.0
Iburasirazuba,KY0015,Short,92.0
Iburasirazuba,KY0012,Very Long,130.0
Iburasirazuba,KY0017,Very short,78.0
Iburengerazuba,KY0013,Long,118.0
Iburengerazuba,KY0002,Medium,108.0
Iburengerazuba,KY0015,Short,92.0
Iburengerazuba,KY0012,Very Long,130.0
Iburengerazuba,KY0017,Very short,78.0
Umujyi wa Kigali,KY0013,Long,118.0
Umujyi wa Kigali,KY0002,Medium,108.0
Umujyi wa Kigali,KY0015,Short,92.0
Umujyi wa Kigali,KY0012,Very Long,130.0
Umujyi wa Kigali,KY0017,Very short,78.0