admin1,year,value
Amajyaruguru,2010,1.2
Amajyaruguru,2011,1.3
Amajyaruguru,2012,1.1
Amajyaruguru,2013,0.5
Amajyaruguru,2014,0.9
Amajyaruguru,2015,1.1
Amajyaruguru,2016,1.2
Amajyepfo,2010,1.6
Amajyepfo,2011,1.7
Amajyepfo,2012,1.2
Amajyepfo,2013,1.1
Amajyepfo,2014,1.3
Amajyepfo,2015,1.1
Amajyepfo,2016,1.3
Iburasirazuba,2010,0.6
Iburasirazuba,2011,0.7
Iburasirazuba,2012,0.2
Iburasirazuba,2013,0.1
Iburasirazuba,2014,0.3
Iburasirazuba,2015,0.1
Iburasirazuba,2016,0.3
Iburengerazuba,2010,0.8
Iburengerazuba,2011,0.9
Iburengerazuba,2012,0.6
Iburengerazuba,2013,0.4
Iburengerazuba,2014,0.2
Iburengerazuba,2015,0.5
Iburengerazuba,2016,0.7
Umujyi wa Kigali,2010,1.1
Umujyi wa Kigali,2011,1.9
Umujyi wa Kigali,2012,1.3
Umujyi wa Kigali,2013,1.4
Umujyi wa Kigali,2014,1.2
Umujyi wa Kigali,2015,1.5
Umujyi wa Kigali,2016,1.7