<PAMDataset>
  <PAMRasterBand band="1">
    <Description>sos</Description>
    <Histograms>
      <HistItem>
        <HistMin>-4.136591478696742</HistMin>
        <HistMax>105.1365914786967</HistMax>
        <BucketCount>399</BucketCount>
        <IncludeOutOfRange>0</IncludeOutOfRange>
        <Approximate>0</Approximate>
        <HistCounts>7|0|0|0|0|0|0|0|0|0|0|0|1|0|0|1|0|0|0|0|0|0|0|0|0|0|0|0|1|0|0|0|0|0|0|0|0|0|0|0|0|2|0|0|0|0|0|0|0|0|0|0|0|0|0|1|1|0|0|0|0|0|1|1|0|0|0|0|0|1|1|0|0|0|1|0|1|1|0|0|3|0|1|0|0|0|0|0|0|2|0|0|1|0|1|0|0|1|0|0|0|1|1|0|0|0|0|1|1|0|0|6|0|2|1|1|0|0|0|2|0|1|1|1|0|0|2|1|0|3|0|1|0|1|1|0|1|1|0|0|0|6|1|0|1|1|1|1|3|1|0|0|1|0|0|2|2|2|0|0|3|1|2|0|3|0|0|3|4|2|2|0|0|0|0|0|1|1|1|0|1|0|2|1|3|0|3|2|0|2|1|0|2|0|3|0|1|0|0|0|0|0|0|2|0|1|0|3|0|2|0|1|1|1|1|2|0|0|1|1|1|1|2|16|1|2|2|0|2|0|1|0|0|1|3|1|0|2|0|0|2|0|3|0|2|0|0|0|0|0|0|1|6|0|0|1|0|0|0|1|0|0|1|1|0|1|0|0|0|1|0|0|0|0|0|0|0|1|0|0|0|4|0|0|0|0|0|1|0|0|0|0|0|0|1|0|1|0|0|0|0|0|0|0|0|0|0|0|0|0|1|1|0|0|0|0|0|0|0|1|0|0|0|0|0|0|0|0|0|0|0|0|0|0|0|0|0|0|0|0|2|0|0|0|0|0|0|0|0|0|0|0|0|0|0|0|0|0|0|0|0|0|0|0|0|0|0|0|0|0|0|0|0|0|0|0|0|0|0|0|0|0|0|0|0|0|0|0|0|0|0|0|0|0|0|0|0|0|2</HistCounts>
      </HistItem>
    </Histograms>
    <Metadata>
      <MDI key="STATISTICS_MINIMUM">-4</MDI>
      <MDI key="STATISTICS_MAXIMUM">105</MDI>
      <MDI key="STATISTICS_MEAN">43.97456232185</MDI>
      <MDI key="STATISTICS_STDDEV">20.233771880771</MDI>
      <MDI key="STATISTICS_VALID_PERCENT">53.13</MDI>
    </Metadata>
  </PAMRasterBand>
</PAMDataset>
